n,tp,tn,fp,fn,accuracy,precision,recall,specificity,balanced_accuracy,cohen_kappa,n_atoms,atomic_tp,atomic_tn,atomic_fp,atomic_fn,atomic_accuracy,atomic_precision,atomic_recall,atomic_specificity,atomic_balanced_accuracy,atomic_cohen_kappa,atomic_exact_agreement,mean_image_atomic_accuracy,machine_joint_positive_rate,human_joint_positive_rate,scope,model,category
128,20,56,4,48,0.59375,0.8333333333333334,0.29411764705882354,0.9333333333333333,0.6137254901960785,0.21804511278195488,512,313,81,13,105,0.76953125,0.9601226993865031,0.7488038277511961,0.8617021276595744,0.8052529777053853,0.4426156911949221,0.40625,0.76953125,0.1875,0.53125,model_category,pixart_sigma,color_binding
128,10,74,12,32,0.65625,0.45454545454545453,0.23809523809523808,0.8604651162790697,0.5492801771871539,0.11223203026481715,128,10,74,12,32,0.65625,0.45454545454545453,0.23809523809523808,0.8604651162790697,0.5492801771871539,0.11223203026481715,0.65625,0.65625,0.171875,0.328125,model_category,pixart_sigma,count
128,125,2,1,0,0.9921875,0.9920634920634921,1.0,0.6666666666666666,0.8333333333333333,0.7961783439490446,256,253,2,1,0,0.99609375,0.9960629921259843,1.0,0.6666666666666666,0.8333333333333333,0.7981072555205048,0.9921875,0.99609375,0.984375,0.9765625,model_category,pixart_sigma,existence
128,50,34,4,40,0.65625,0.9259259259259259,0.5555555555555556,0.8947368421052632,0.7251461988304093,0.35353535353535354,384,269,38,6,71,0.7994791666666666,0.9781818181818182,0.7911764705882353,0.8636363636363636,0.8274064171122995,0.3985353946297802,0.5546875,0.7994791666666666,0.421875,0.703125,model_category,pixart_sigma,spatial
128,2,110,0,16,0.875,1.0,0.1111111111111111,1.0,0.5555555555555556,0.17684887459807075,512,142,255,18,97,0.775390625,0.8875,0.5941422594142259,0.9340659340659341,0.7641040967400801,0.5393089634451678,0.3828125,0.775390625,0.015625,0.140625,model_category,sd15,color_binding
128,9,87,11,21,0.75,0.45,0.3,0.8877551020408163,0.5938775510204082,0.2123076923076923,128,9,87,11,21,0.75,0.45,0.3,0.8877551020408163,0.5938775510204082,0.2123076923076923,0.75,0.75,0.15625,0.234375,model_category,sd15,count
128,96,26,5,1,0.953125,0.9504950495049505,0.9896907216494846,0.8387096774193549,0.9142001995344198,0.8664347826086957,256,218,24,11,3,0.9453125,0.9519650655021834,0.9864253393665159,0.6857142857142857,0.8360698125404008,0.7436704334143899,0.9140625,0.9453125,0.7890625,0.7578125,model_category,sd15,existence
128,13,84,6,25,0.7578125,0.6842105263157895,0.34210526315789475,0.9333333333333333,0.637719298245614,0.3219412166780588,384,143,151,17,73,0.765625,0.89375,0.6620370370370371,0.8988095238095238,0.7804232804232805,0.5408163265306122,0.4765625,0.7656249999999999,0.1484375,0.296875,model_category,sd15,spatial
128,3,108,1,16,0.8671875,0.75,0.15789473684210525,0.9908256880733946,0.5743602124577499,0.22063037249283668,512,108,285,33,86,0.767578125,0.7659574468085106,0.5567010309278351,0.8962264150943396,0.7264637230110873,0.4784097524226963,0.359375,0.767578125,0.03125,0.1484375,model_category,sdxl,color_binding
128,10,88,6,24,0.765625,0.625,0.29411764705882354,0.9361702127659575,0.6151439299123905,0.27710843373493976,128,10,88,6,24,0.765625,0.625,0.29411764705882354,0.9361702127659575,0.6151439299123905,0.27710843373493976,0.765625,0.765625,0.125,0.265625,model_category,sdxl,count
128,89,30,8,1,0.9296875,0.9175257731958762,0.9888888888888889,0.7894736842105263,0.8891812865497076,0.8221124150710315,256,201,31,17,7,0.90625,0.9220183486238532,0.9663461538461539,0.6458333333333334,0.8060897435897436,0.6655052264808362,0.8671875,0.90625,0.7578125,0.703125,model_category,sdxl,existence
128,10,97,4,17,0.8359375,0.7142857142857143,0.37037037037037035,0.9603960396039604,0.6653832049871653,0.40160284951024044,384,117,206,16,45,0.8411458333333334,0.8796992481203008,0.7222222222222222,0.9279279279279279,0.825075075075075,0.6662677380748847,0.6328125,0.8411458333333333,0.109375,0.2109375,model_category,sdxl,spatial
512,205,166,21,120,0.724609375,0.9070796460176991,0.6307692307692307,0.8877005347593583,0.7592348827642945,0.4660828920510014,1280,845,195,32,208,0.8125,0.9635119726339795,0.8024691358024691,0.8590308370044053,0.8307499864034372,0.5072485154899125,0.65234375,0.8053385416666666,0.44140625,0.634765625,model_all,pixart_sigma,all
512,120,307,22,63,0.833984375,0.8450704225352113,0.6557377049180327,0.9331306990881459,0.7944342020030893,0.6196735064844269,1280,512,517,57,194,0.80390625,0.8998242530755711,0.7252124645892352,0.9006968641114983,0.8129546643503667,0.6122485432768668,0.630859375,0.80908203125,0.27734375,0.357421875,model_all,sd15,all
512,112,323,19,58,0.849609375,0.8549618320610687,0.6588235294117647,0.9444444444444444,0.8016339869281046,0.6402000511079473,1280,436,610,72,162,0.8171875,0.8582677165354331,0.7290969899665551,0.8944281524926686,0.8117625712296119,0.6293583067693587,0.65625,0.8201497395833334,0.255859375,0.33203125,model_all,sdxl,all
384,25,274,5,80,0.7786458333333334,0.8333333333333334,0.23809523809523808,0.982078853046595,0.6100870455709165,0.2832674571805008,1536,563,621,64,288,0.7708333333333334,0.89792663476874,0.6615746180963572,0.9065693430656935,0.7840719805810253,0.5505837643198062,0.3828125,0.7708333333333334,0.078125,0.2734375,all_models_category,all,color_binding
384,29,249,29,77,0.7239583333333334,0.5,0.27358490566037735,0.89568345323741,0.5846341794488937,0.19684293606945555,384,29,249,29,77,0.7239583333333334,0.5,0.27358490566037735,0.89568345323741,0.5846341794488937,0.19684293606945555,0.7239583333333334,0.7239583333333334,0.15104166666666666,0.2760416666666667,all_models_category,all,count
384,310,58,14,2,0.9583333333333334,0.9567901234567902,0.9935897435897436,0.8055555555555556,0.8995726495726496,0.8538812785388129,768,672,57,29,10,0.94921875,0.9586305278174037,0.9853372434017595,0.6627906976744186,0.824063970538089,0.7173806378561994,0.9244791666666666,0.94921875,0.84375,0.8125,all_models_category,all,existence
384,73,215,14,82,0.75,0.8390804597701149,0.47096774193548385,0.9388646288209607,0.7049161853782222,0.4410988811061584,1152,529,395,39,189,0.8020833333333334,0.9313380281690141,0.7367688022284122,0.9101382488479263,0.8234535255381692,0.6055173739606864,0.5546875,0.8020833333333334,0.2265625,0.4036458333333333,all_models_category,all,spatial
1536,437,796,62,241,0.802734375,0.875751503006012,0.644542772861357,0.9277389277389277,0.7861408503001424,0.5885816121948891,3840,1793,1322,161,564,0.8111979166666666,0.9176049129989765,0.7607127704709377,0.8914362778152394,0.8260745241430885,0.6208677443973132,0.646484375,0.8115234375,0.3248697916666667,0.44140625,overall,all,all
